{
  "version": 1,
  "author": "Joud",
  "editor": "wokwi",
  "parts": [
    { "type": "board-esp32-devkit-c-v4", "id": "esp", "top": 0, "left": 0, "attrs": {} },
    { "type": "wokwi-dht22", "id": "dht1", "top": -18.9, "left": 167.4, "attrs": {} }
  ],
  "connections": [
    [ "esp:TX", "$serialMonitor:RX", "", [] ],
    [ "esp:RX", "$serialMonitor:TX", "", [] ],
    [ "dht1:VCC", "esp:3V3", "red", [ "v9.6", "h-57.6", "v-115.2", "h-134.4", "v38.4" ] ],
    [ "dht1:GND", "esp:GND.1", "black", [ "v144", "h-230.4", "v-86.4" ] ],
    [ "esp:4", "dht1:SDA", "green", [ "h0" ] ]
  ],
  "dependencies": {}
}